-- MySQL dump 10.13  Distrib 5.5.50, for debian-linux-gnu (x86_64)
--
-- Host: localhost    Database: simpledu
-- ------------------------------------------------------
-- Server version	5.5.50-0ubuntu0.14.04.1

/*!40101 SET @OLD_CHARACTER_SET_CLIENT=@@CHARACTER_SET_CLIENT */;
/*!40101 SET @OLD_CHARACTER_SET_RESULTS=@@CHARACTER_SET_RESULTS */;
/*!40101 SET @OLD_COLLATION_CONNECTION=@@COLLATION_CONNECTION */;
/*!40101 SET NAMES utf8 */;
/*!40103 SET @OLD_TIME_ZONE=@@TIME_ZONE */;
/*!40103 SET TIME_ZONE='+00:00' */;
/*!40014 SET @OLD_UNIQUE_CHECKS=@@UNIQUE_CHECKS, UNIQUE_CHECKS=0 */;
/*!40014 SET @OLD_FOREIGN_KEY_CHECKS=@@FOREIGN_KEY_CHECKS, FOREIGN_KEY_CHECKS=0 */;
/*!40101 SET @OLD_SQL_MODE=@@SQL_MODE, SQL_MODE='NO_AUTO_VALUE_ON_ZERO' */;
/*!40111 SET @OLD_SQL_NOTES=@@SQL_NOTES, SQL_NOTES=0 */;

--
-- Table structure for table `alembic_version`
--

DROP TABLE IF EXISTS `alembic_version`;
/*!40101 SET @saved_cs_client     = @@character_set_client */;
/*!40101 SET character_set_client = utf8 */;
CREATE TABLE `alembic_version` (
  `version_num` varchar(32) NOT NULL,
  PRIMARY KEY (`version_num`)
) ENGINE=InnoDB DEFAULT CHARSET=utf8;
/*!40101 SET character_set_client = @saved_cs_client */;

--
-- Dumping data for table `alembic_version`
--

LOCK TABLES `alembic_version` WRITE;
/*!40000 ALTER TABLE `alembic_version` DISABLE KEYS */;
INSERT INTO `alembic_version` VALUES ('0ff0bfdee25d');
/*!40000 ALTER TABLE `alembic_version` ENABLE KEYS */;
UNLOCK TABLES;

--
-- Table structure for table `chapter`
--

DROP TABLE IF EXISTS `chapter`;
/*!40101 SET @saved_cs_client     = @@character_set_client */;
/*!40101 SET character_set_client = utf8 */;
CREATE TABLE `chapter` (
  `created_at` datetime DEFAULT NULL,
  `updated_at` datetime DEFAULT NULL,
  `id` int(11) NOT NULL AUTO_INCREMENT,
  `name` varchar(128) DEFAULT NULL,
  `description` varchar(256) DEFAULT NULL,
  `video_url` varchar(256) DEFAULT NULL,
  `video_duration` varchar(24) DEFAULT NULL,
  `course_id` int(11) DEFAULT NULL,
  PRIMARY KEY (`id`),
  UNIQUE KEY `ix_chapter_name` (`name`),
  KEY `course_id` (`course_id`),
  CONSTRAINT `chapter_ibfk_1` FOREIGN KEY (`course_id`) REFERENCES `course` (`id`) ON DELETE CASCADE
) ENGINE=InnoDB AUTO_INCREMENT=111 DEFAULT CHARSET=utf8;
/*!40101 SET character_set_client = @saved_cs_client */;

--
-- Dumping data for table `chapter`
--

LOCK TABLES `chapter` WRITE;
/*!40000 ALTER TABLE `chapter` DISABLE KEYS */;
INSERT INTO `chapter` VALUES ('2020-07-13 05:24:45','2020-07-13 05:24:45',1,'Either wide idea capital piece.',NULL,'https://labfile.oss.aliyuncs.com/courses/923/week2_mp4/2-1-1-mac.mp4','23:52',1),('2020-07-13 05:24:45','2020-07-13 05:24:45',2,'Ball popular animal short sit.',NULL,'https://labfile.oss.aliyuncs.com/courses/923/week2_mp4/2-1-1-mac.mp4','15:32',1),('2020-07-13 05:24:45','2020-07-13 05:24:45',3,'Computer decision middle hair everybody also data.',NULL,'https://labfile.oss.aliyuncs.com/courses/923/week2_mp4/2-1-1-mac.mp4','30:30',1),('2020-07-13 05:24:45','2020-07-13 05:24:45',4,'Where bag such thing general.',NULL,'https://labfile.oss.aliyuncs.com/courses/923/week2_mp4/2-1-1-mac.mp4','19:32',1),('2020-07-13 05:24:45','2020-07-13 05:24:45',5,'Measure economy thus budget school effort.',NULL,'https://labfile.oss.aliyuncs.com/courses/923/week2_mp4/2-1-1-mac.mp4','14:38',1),('2020-07-13 05:24:46','2020-07-13 05:24:46',6,'Manager reflect prepare her change blood avoid.',NULL,'https://labfile.oss.aliyuncs.com/courses/923/week2_mp4/2-1-1-mac.mp4','19:42',1),('2020-07-13 05:24:46','2020-07-13 05:24:46',7,'Town defense none.',NULL,'https://labfile.oss.aliyuncs.com/courses/923/week2_mp4/2-1-1-mac.mp4','18:33',1),('2020-07-13 05:24:46','2020-07-13 05:24:46',8,'Understand affect coach support beat.',NULL,'https://labfile.oss.aliyuncs.com/courses/923/week2_mp4/2-1-1-mac.mp4','14:52',2),('2020-07-13 05:24:46','2020-07-13 05:24:46',9,'Wear cup not young.',NULL,'https://labfile.oss.aliyuncs.com/courses/923/week2_mp4/2-1-1-mac.mp4','16:15',2),('2020-07-13 05:24:46','2020-07-13 05:24:46',10,'Try effort reach anyone big lead resource arm.',NULL,'https://labfile.oss.aliyuncs.com/courses/923/week2_mp4/2-1-1-mac.mp4','29:20',2),('2020-07-13 05:24:46','2020-07-13 05:24:46',11,'Form capital red.',NULL,'https://labfile.oss.aliyuncs.com/courses/923/week2_mp4/2-1-1-mac.mp4','16:54',2),('2020-07-13 05:24:46','2020-07-13 05:24:46',12,'During raise already religious.',NULL,'https://labfile.oss.aliyuncs.com/courses/923/week2_mp4/2-1-1-mac.mp4','28:57',3),('2020-07-13 05:24:46','2020-07-13 05:24:46',13,'Food yes lawyer machine trouble best father.',NULL,'https://labfile.oss.aliyuncs.com/courses/923/week2_mp4/2-1-1-mac.mp4','26:43',3),('2020-07-13 05:24:46','2020-07-13 05:24:46',14,'New everybody order contain street glass position.',NULL,'https://labfile.oss.aliyuncs.com/courses/923/week2_mp4/2-1-1-mac.mp4','19:44',3),('2020-07-13 05:24:46','2020-07-13 05:24:46',15,'Safe his consumer talk seem for.',NULL,'https://labfile.oss.aliyuncs.com/courses/923/week2_mp4/2-1-1-mac.mp4','14:26',3),('2020-07-13 05:24:46','2020-07-13 05:24:46',16,'Tree week set government.',NULL,'https://labfile.oss.aliyuncs.com/courses/923/week2_mp4/2-1-1-mac.mp4','24:51',3),('2020-07-13 05:24:46','2020-07-13 05:24:46',17,'Such lose defense present stock if everyone.',NULL,'https://labfile.oss.aliyuncs.com/courses/923/week2_mp4/2-1-1-mac.mp4','12:54',3),('2020-07-13 05:24:46','2020-07-13 05:24:46',18,'Student economic free fire different cause news method.',NULL,'https://labfile.oss.aliyuncs.com/courses/923/week2_mp4/2-1-1-mac.mp4','18:14',4),('2020-07-13 05:24:46','2020-07-13 05:24:46',19,'Machine benefit year little give.',NULL,'https://labfile.oss.aliyuncs.com/courses/923/week2_mp4/2-1-1-mac.mp4','18:40',4),('2020-07-13 05:24:46','2020-07-13 05:24:46',20,'Fact difference toward later more significant.',NULL,'https://labfile.oss.aliyuncs.com/courses/923/week2_mp4/2-1-1-mac.mp4','14:20',4),('2020-07-13 05:24:46','2020-07-13 05:24:46',21,'Miss sit speak however environment thus.',NULL,'https://labfile.oss.aliyuncs.com/courses/923/week2_mp4/2-1-1-mac.mp4','16:24',4),('2020-07-13 05:24:46','2020-07-13 05:24:46',22,'Which current morning usually.',NULL,'https://labfile.oss.aliyuncs.com/courses/923/week2_mp4/2-1-1-mac.mp4','30:25',4),('2020-07-13 05:24:46','2020-07-13 05:24:46',23,'Staff natural appear throughout fill.',NULL,'https://labfile.oss.aliyuncs.com/courses/923/week2_mp4/2-1-1-mac.mp4','17:52',4),('2020-07-13 05:24:46','2020-07-13 05:24:46',24,'Pattern left few.',NULL,'https://labfile.oss.aliyuncs.com/courses/923/week2_mp4/2-1-1-mac.mp4','23:29',4),('2020-07-13 05:24:46','2020-07-13 05:24:46',25,'Listen situation raise can weight product kind.',NULL,'https://labfile.oss.aliyuncs.com/courses/923/week2_mp4/2-1-1-mac.mp4','17:19',4),('2020-07-13 05:24:46','2020-07-13 05:24:46',26,'Nearly far second specific but low.',NULL,'https://labfile.oss.aliyuncs.com/courses/923/week2_mp4/2-1-1-mac.mp4','14:14',4),('2020-07-13 05:24:46','2020-07-13 05:24:46',27,'Individual expect democratic prove may wife.',NULL,'https://labfile.oss.aliyuncs.com/courses/923/week2_mp4/2-1-1-mac.mp4','25:14',5),('2020-07-13 05:24:46','2020-07-13 05:24:46',28,'No imagine opportunity do.',NULL,'https://labfile.oss.aliyuncs.com/courses/923/week2_mp4/2-1-1-mac.mp4','19:52',5),('2020-07-13 05:24:46','2020-07-13 05:24:46',29,'Street type study per.',NULL,'https://labfile.oss.aliyuncs.com/courses/923/week2_mp4/2-1-1-mac.mp4','30:37',5),('2020-07-13 05:24:46','2020-07-13 05:24:46',30,'Team fact maybe with they decade outside open.',NULL,'https://labfile.oss.aliyuncs.com/courses/923/week2_mp4/2-1-1-mac.mp4','13:20',5),('2020-07-13 05:24:46','2020-07-13 05:24:46',31,'Itself lot game.',NULL,'https://labfile.oss.aliyuncs.com/courses/923/week2_mp4/2-1-1-mac.mp4','21:12',5),('2020-07-13 05:24:46','2020-07-13 05:24:46',32,'And middle practice grow leg central rock last.',NULL,'https://labfile.oss.aliyuncs.com/courses/923/week2_mp4/2-1-1-mac.mp4','17:33',5),('2020-07-13 05:24:46','2020-07-13 05:24:46',33,'Own it fast manager they.',NULL,'https://labfile.oss.aliyuncs.com/courses/923/week2_mp4/2-1-1-mac.mp4','29:21',5),('2020-07-13 05:24:46','2020-07-13 05:24:46',34,'Meet religious security about hard.',NULL,'https://labfile.oss.aliyuncs.com/courses/923/week2_mp4/2-1-1-mac.mp4','22:51',5),('2020-07-13 05:24:46','2020-07-13 05:24:46',35,'Spring together across our fall west.',NULL,'https://labfile.oss.aliyuncs.com/courses/923/week2_mp4/2-1-1-mac.mp4','24:11',5),('2020-07-13 05:24:46','2020-07-13 05:24:46',36,'Special thought treat nothing statement yet.',NULL,'https://labfile.oss.aliyuncs.com/courses/923/week2_mp4/2-1-1-mac.mp4','25:11',6),('2020-07-13 05:24:46','2020-07-13 05:24:46',37,'Beautiful bed require individual appear happy.',NULL,'https://labfile.oss.aliyuncs.com/courses/923/week2_mp4/2-1-1-mac.mp4','17:26',6),('2020-07-13 05:24:46','2020-07-13 05:24:46',38,'End newspaper science effect your central.',NULL,'https://labfile.oss.aliyuncs.com/courses/923/week2_mp4/2-1-1-mac.mp4','28:54',6),('2020-07-13 05:24:46','2020-07-13 05:24:46',39,'Ok woman forget there.',NULL,'https://labfile.oss.aliyuncs.com/courses/923/week2_mp4/2-1-1-mac.mp4','27:34',6),('2020-07-13 05:24:46','2020-07-13 05:24:46',40,'Tough party add woman even.',NULL,'https://labfile.oss.aliyuncs.com/courses/923/week2_mp4/2-1-1-mac.mp4','13:38',6),('2020-07-13 05:24:46','2020-07-13 05:24:46',41,'Tell everybody manage.',NULL,'https://labfile.oss.aliyuncs.com/courses/923/week2_mp4/2-1-1-mac.mp4','27:36',6),('2020-07-13 05:24:46','2020-07-13 05:24:46',42,'From pull away newspaper.',NULL,'https://labfile.oss.aliyuncs.com/courses/923/week2_mp4/2-1-1-mac.mp4','18:41',6),('2020-07-13 05:24:46','2020-07-13 05:24:46',43,'Gun man else national.',NULL,'https://labfile.oss.aliyuncs.com/courses/923/week2_mp4/2-1-1-mac.mp4','26:31',6),('2020-07-13 05:24:46','2020-07-13 05:24:46',44,'View bring check leg.',NULL,'https://labfile.oss.aliyuncs.com/courses/923/week2_mp4/2-1-1-mac.mp4','12:35',6),('2020-07-13 05:24:46','2020-07-13 05:24:46',45,'Skin bag real should.',NULL,'https://labfile.oss.aliyuncs.com/courses/923/week2_mp4/2-1-1-mac.mp4','30:21',6),('2020-07-13 05:24:46','2020-07-13 05:24:46',46,'Return road trip above very.',NULL,'https://labfile.oss.aliyuncs.com/courses/923/week2_mp4/2-1-1-mac.mp4','21:42',7),('2020-07-13 05:24:46','2020-07-13 05:24:46',47,'Scientist everybody break cultural job yes.',NULL,'https://labfile.oss.aliyuncs.com/courses/923/week2_mp4/2-1-1-mac.mp4','18:12',7),('2020-07-13 05:24:46','2020-07-13 05:24:46',48,'Pressure discussion three enjoy success.',NULL,'https://labfile.oss.aliyuncs.com/courses/923/week2_mp4/2-1-1-mac.mp4','27:55',7),('2020-07-13 05:24:46','2020-07-13 05:24:46',49,'Former brother season support concern prevent call worker.',NULL,'https://labfile.oss.aliyuncs.com/courses/923/week2_mp4/2-1-1-mac.mp4','11:17',7),('2020-07-13 05:24:46','2020-07-13 05:24:46',50,'She throughout commercial stay.',NULL,'https://labfile.oss.aliyuncs.com/courses/923/week2_mp4/2-1-1-mac.mp4','24:44',7),('2020-07-13 05:24:46','2020-07-13 05:24:46',51,'Certain be TV your.',NULL,'https://labfile.oss.aliyuncs.com/courses/923/week2_mp4/2-1-1-mac.mp4','26:29',7),('2020-07-13 05:24:46','2020-07-13 05:24:46',52,'Always ability treat with fine town.',NULL,'https://labfile.oss.aliyuncs.com/courses/923/week2_mp4/2-1-1-mac.mp4','12:24',7),('2020-07-13 05:24:46','2020-07-13 05:24:46',53,'Civil will fly machine best amount.',NULL,'https://labfile.oss.aliyuncs.com/courses/923/week2_mp4/2-1-1-mac.mp4','22:15',7),('2020-07-13 05:24:46','2020-07-13 05:24:46',54,'Series thing man deep.',NULL,'https://labfile.oss.aliyuncs.com/courses/923/week2_mp4/2-1-1-mac.mp4','24:30',8),('2020-07-13 05:24:46','2020-07-13 05:24:46',55,'Memory rate avoid.',NULL,'https://labfile.oss.aliyuncs.com/courses/923/week2_mp4/2-1-1-mac.mp4','27:52',8),('2020-07-13 05:24:46','2020-07-13 05:24:46',56,'Star sport traditional young show.',NULL,'https://labfile.oss.aliyuncs.com/courses/923/week2_mp4/2-1-1-mac.mp4','13:48',8),('2020-07-13 05:24:46','2020-07-13 05:24:46',57,'Thus affect listen someone send reveal.',NULL,'https://labfile.oss.aliyuncs.com/courses/923/week2_mp4/2-1-1-mac.mp4','24:56',8),('2020-07-13 05:24:46','2020-07-13 05:24:46',58,'Affect success whether world product remember child be.',NULL,'https://labfile.oss.aliyuncs.com/courses/923/week2_mp4/2-1-1-mac.mp4','28:26',8),('2020-07-13 05:24:46','2020-07-13 05:24:46',59,'Relate public month star key report guess now.',NULL,'https://labfile.oss.aliyuncs.com/courses/923/week2_mp4/2-1-1-mac.mp4','27:17',8),('2020-07-13 05:24:46','2020-07-13 05:24:46',60,'Friend thank determine another water.',NULL,'https://labfile.oss.aliyuncs.com/courses/923/week2_mp4/2-1-1-mac.mp4','11:58',8),('2020-07-13 05:24:46','2020-07-13 05:24:46',61,'Though indicate choice focus carry PM.',NULL,'https://labfile.oss.aliyuncs.com/courses/923/week2_mp4/2-1-1-mac.mp4','22:30',8),('2020-07-13 05:24:46','2020-07-13 05:24:46',62,'Range ten pull white talk such authority message.',NULL,'https://labfile.oss.aliyuncs.com/courses/923/week2_mp4/2-1-1-mac.mp4','26:13',9),('2020-07-13 05:24:46','2020-07-13 05:24:46',63,'Nature explain room actually painting.',NULL,'https://labfile.oss.aliyuncs.com/courses/923/week2_mp4/2-1-1-mac.mp4','22:46',9),('2020-07-13 05:24:46','2020-07-13 05:24:46',64,'Share teach he act sound.',NULL,'https://labfile.oss.aliyuncs.com/courses/923/week2_mp4/2-1-1-mac.mp4','11:24',9),('2020-07-13 05:24:46','2020-07-13 05:24:46',65,'Political short other administration local month.',NULL,'https://labfile.oss.aliyuncs.com/courses/923/week2_mp4/2-1-1-mac.mp4','12:32',10),('2020-07-13 05:24:46','2020-07-13 05:24:46',66,'Fly face make professor body.',NULL,'https://labfile.oss.aliyuncs.com/courses/923/week2_mp4/2-1-1-mac.mp4','28:49',10),('2020-07-13 05:24:46','2020-07-13 05:24:46',67,'Perform alone enough whatever matter brother control.',NULL,'https://labfile.oss.aliyuncs.com/courses/923/week2_mp4/2-1-1-mac.mp4','13:22',10),('2020-07-13 05:24:46','2020-07-13 05:24:46',68,'Meeting threat son your tonight choose.',NULL,'https://labfile.oss.aliyuncs.com/courses/923/week2_mp4/2-1-1-mac.mp4','19:17',10),('2020-07-13 05:24:46','2020-07-13 05:24:46',69,'Technology against man produce.',NULL,'https://labfile.oss.aliyuncs.com/courses/923/week2_mp4/2-1-1-mac.mp4','29:46',10),('2020-07-13 05:24:46','2020-07-13 05:24:46',70,'Strong him space either available nature race do.',NULL,'https://labfile.oss.aliyuncs.com/courses/923/week2_mp4/2-1-1-mac.mp4','15:25',10),('2020-07-13 05:24:46','2020-07-13 05:24:46',71,'Oil at interest little project.',NULL,'https://labfile.oss.aliyuncs.com/courses/923/week2_mp4/2-1-1-mac.mp4','27:59',10),('2020-07-13 05:24:46','2020-07-13 05:24:46',72,'Husband region network process.',NULL,'https://labfile.oss.aliyuncs.com/courses/923/week2_mp4/2-1-1-mac.mp4','22:30',10),('2020-07-13 05:24:46','2020-07-13 05:24:46',73,'Available kitchen suffer.',NULL,'https://labfile.oss.aliyuncs.com/courses/923/week2_mp4/2-1-1-mac.mp4','23:27',10),('2020-07-13 05:24:46','2020-07-13 05:24:46',74,'Difficult issue past.',NULL,'https://labfile.oss.aliyuncs.com/courses/923/week2_mp4/2-1-1-mac.mp4','10:20',11),('2020-07-13 05:24:46','2020-07-13 05:24:46',75,'Total arrive training pull.',NULL,'https://labfile.oss.aliyuncs.com/courses/923/week2_mp4/2-1-1-mac.mp4','29:41',11),('2020-07-13 05:24:46','2020-07-13 05:24:46',76,'Wonder science back employee fast.',NULL,'https://labfile.oss.aliyuncs.com/courses/923/week2_mp4/2-1-1-mac.mp4','29:22',11),('2020-07-13 05:24:46','2020-07-13 05:24:46',77,'Nation order try eight movement tree century.',NULL,'https://labfile.oss.aliyuncs.com/courses/923/week2_mp4/2-1-1-mac.mp4','20:33',11),('2020-07-13 05:24:46','2020-07-13 05:24:46',78,'Even despite prove tell today put.',NULL,'https://labfile.oss.aliyuncs.com/courses/923/week2_mp4/2-1-1-mac.mp4','30:34',12),('2020-07-13 05:24:46','2020-07-13 05:24:46',79,'Draw race pretty action begin trade.',NULL,'https://labfile.oss.aliyuncs.com/courses/923/week2_mp4/2-1-1-mac.mp4','16:40',12),('2020-07-13 05:24:46','2020-07-13 05:24:46',80,'Remember least money.',NULL,'https://labfile.oss.aliyuncs.com/courses/923/week2_mp4/2-1-1-mac.mp4','29:57',12),('2020-07-13 05:24:46','2020-07-13 05:24:46',81,'Difficult vote central debate home.',NULL,'https://labfile.oss.aliyuncs.com/courses/923/week2_mp4/2-1-1-mac.mp4','28:29',12),('2020-07-13 05:24:46','2020-07-13 05:24:46',82,'Agent notice now back great sign factor writer.',NULL,'https://labfile.oss.aliyuncs.com/courses/923/week2_mp4/2-1-1-mac.mp4','18:40',13),('2020-07-13 05:24:46','2020-07-13 05:24:46',83,'Early degree scientist light soon purpose travel.',NULL,'https://labfile.oss.aliyuncs.com/courses/923/week2_mp4/2-1-1-mac.mp4','12:53',13),('2020-07-13 05:24:46','2020-07-13 05:24:46',84,'Time cup event want.',NULL,'https://labfile.oss.aliyuncs.com/courses/923/week2_mp4/2-1-1-mac.mp4','19:51',13),('2020-07-13 05:24:46','2020-07-13 05:24:46',85,'Company if evidence.',NULL,'https://labfile.oss.aliyuncs.com/courses/923/week2_mp4/2-1-1-mac.mp4','24:30',13),('2020-07-13 05:24:46','2020-07-13 05:24:46',86,'Measure letter look best.',NULL,'https://labfile.oss.aliyuncs.com/courses/923/week2_mp4/2-1-1-mac.mp4','15:26',13),('2020-07-13 05:24:46','2020-07-13 05:24:46',87,'Ready we her cover time money story century.',NULL,'https://labfile.oss.aliyuncs.com/courses/923/week2_mp4/2-1-1-mac.mp4','12:18',13),('2020-07-13 05:24:46','2020-07-13 05:24:46',88,'Century attorney region give.',NULL,'https://labfile.oss.aliyuncs.com/courses/923/week2_mp4/2-1-1-mac.mp4','12:39',13),('2020-07-13 05:24:46','2020-07-13 05:24:46',89,'Region whether same.',NULL,'https://labfile.oss.aliyuncs.com/courses/923/week2_mp4/2-1-1-mac.mp4','16:19',13),('2020-07-13 05:24:46','2020-07-13 05:24:46',90,'Group year wide letter build owner talk.',NULL,'https://labfile.oss.aliyuncs.com/courses/923/week2_mp4/2-1-1-mac.mp4','30:37',14),('2020-07-13 05:24:46','2020-07-13 05:24:46',91,'Position make community Congress.',NULL,'https://labfile.oss.aliyuncs.com/courses/923/week2_mp4/2-1-1-mac.mp4','17:27',14),('2020-07-13 05:24:46','2020-07-13 05:24:46',92,'Would relate show rock big affect.',NULL,'https://labfile.oss.aliyuncs.com/courses/923/week2_mp4/2-1-1-mac.mp4','18:32',14),('2020-07-13 05:24:46','2020-07-13 05:24:46',93,'Nation year mouth.',NULL,'https://labfile.oss.aliyuncs.com/courses/923/week2_mp4/2-1-1-mac.mp4','23:49',14),('2020-07-13 05:24:46','2020-07-13 05:24:46',94,'Right paper student top play.',NULL,'https://labfile.oss.aliyuncs.com/courses/923/week2_mp4/2-1-1-mac.mp4','13:37',14),('2020-07-13 05:24:46','2020-07-13 05:24:46',95,'Detail wish figure adult hair.',NULL,'https://labfile.oss.aliyuncs.com/courses/923/week2_mp4/2-1-1-mac.mp4','22:10',14),('2020-07-13 05:24:46','2020-07-13 05:24:46',96,'With everything future task.',NULL,'https://labfile.oss.aliyuncs.com/courses/923/week2_mp4/2-1-1-mac.mp4','23:19',15),('2020-07-13 05:24:46','2020-07-13 05:24:46',97,'Everyone sit prevent support we apply.',NULL,'https://labfile.oss.aliyuncs.com/courses/923/week2_mp4/2-1-1-mac.mp4','20:39',15),('2020-07-13 05:24:46','2020-07-13 05:24:46',98,'Mind whom event around.',NULL,'https://labfile.oss.aliyuncs.com/courses/923/week2_mp4/2-1-1-mac.mp4','18:28',15),('2020-07-13 05:24:46','2020-07-13 05:24:46',99,'Miss art station network produce.',NULL,'https://labfile.oss.aliyuncs.com/courses/923/week2_mp4/2-1-1-mac.mp4','27:59',15),('2020-07-13 05:24:46','2020-07-13 05:24:46',100,'But hold skin once show stock.',NULL,'https://labfile.oss.aliyuncs.com/courses/923/week2_mp4/2-1-1-mac.mp4','26:56',15),('2020-07-13 05:24:46','2020-07-13 05:24:46',101,'Rather hear serious others.',NULL,'https://labfile.oss.aliyuncs.com/courses/923/week2_mp4/2-1-1-mac.mp4','13:58',15),('2020-07-13 05:24:46','2020-07-13 05:24:46',102,'Mother skin image line another.',NULL,'https://labfile.oss.aliyuncs.com/courses/923/week2_mp4/2-1-1-mac.mp4','23:18',15),('2020-07-13 05:24:46','2020-07-13 05:24:46',103,'Industry article task move.',NULL,'https://labfile.oss.aliyuncs.com/courses/923/week2_mp4/2-1-1-mac.mp4','20:54',15),('2020-07-13 05:24:46','2020-07-13 05:24:46',104,'Network model voice us.',NULL,'https://labfile.oss.aliyuncs.com/courses/923/week2_mp4/2-1-1-mac.mp4','29:52',15),('2020-07-13 05:24:46','2020-07-13 05:24:46',105,'Above modern season quickly imagine light.',NULL,'https://labfile.oss.aliyuncs.com/courses/923/week2_mp4/2-1-1-mac.mp4','11:17',16),('2020-07-13 05:24:46','2020-07-13 05:24:46',106,'Ago which information ball college find apply person.',NULL,'https://labfile.oss.aliyuncs.com/courses/923/week2_mp4/2-1-1-mac.mp4','15:37',16),('2020-07-13 05:24:46','2020-07-13 05:24:46',107,'Radio feel need opportunity.',NULL,'https://labfile.oss.aliyuncs.com/courses/923/week2_mp4/2-1-1-mac.mp4','12:13',16),('2020-07-13 05:24:46','2020-07-13 05:24:46',108,'Western sell free scene financial.',NULL,'https://labfile.oss.aliyuncs.com/courses/923/week2_mp4/2-1-1-mac.mp4','14:16',16),('2020-07-13 05:24:46','2020-07-13 05:24:46',109,'Significant remember know law play.',NULL,'https://labfile.oss.aliyuncs.com/courses/923/week2_mp4/2-1-1-mac.mp4','26:16',16),('2020-07-13 05:24:46','2020-07-13 05:24:46',110,'Together reflect contain wrong.',NULL,'https://labfile.oss.aliyuncs.com/courses/923/week2_mp4/2-1-1-mac.mp4','13:24',16);
/*!40000 ALTER TABLE `chapter` ENABLE KEYS */;
UNLOCK TABLES;

--
-- Table structure for table `course`
--

DROP TABLE IF EXISTS `course`;
/*!40101 SET @saved_cs_client     = @@character_set_client */;
/*!40101 SET character_set_client = utf8 */;
CREATE TABLE `course` (
  `created_at` datetime DEFAULT NULL,
  `updated_at` datetime DEFAULT NULL,
  `id` int(11) NOT NULL AUTO_INCREMENT,
  `name` varchar(128) NOT NULL,
  `author_id` int(11) DEFAULT NULL,
  `description` varchar(256) DEFAULT NULL,
  `image_url` varchar(256) DEFAULT NULL,
  PRIMARY KEY (`id`),
  UNIQUE KEY `ix_course_name` (`name`),
  KEY `author_id` (`author_id`),
  CONSTRAINT `course_ibfk_1` FOREIGN KEY (`author_id`) REFERENCES `user` (`id`) ON DELETE SET NULL
) ENGINE=InnoDB AUTO_INCREMENT=17 DEFAULT CHARSET=utf8;
/*!40101 SET character_set_client = @saved_cs_client */;

--
-- Dumping data for table `course`
--

LOCK TABLES `course` WRITE;
/*!40000 ALTER TABLE `course` DISABLE KEYS */;
INSERT INTO `course` VALUES ('2020-07-13 05:24:45','2020-07-13 05:24:45',1,'Vue.js 3 基础入门实战',7,'目前 Vue.js 3 beta 版已经发布，本课程将通过对比讲解 Vue.js 3 与 Vue.js 2，来带领同学们学习 Vue.js 3 基础用法。同时，课程将通过实例练习进一步深入学习 Vue.js 3 的新增特性。','https://dn-simplecloud.shiyanlou.com/courses/uid214893-20200528-1590647377389?imageView2/2/h/150/q/100'),('2020-07-13 05:24:45','2020-07-13 05:24:45',2,'PHP 基础入门实战',7,'本课程是 PHP 基础入门实战课程，课程先从对 PHP 的基本介绍一直到基本语法、数据类型、运算符、控制结构、函数、类与对象。然后学习 MySQL 的常用命令，并学会如何使用 PHP 操作MySQL。','https://dn-simplecloud.shiyanlou.com/courses/uid214893-20200615-1592217709843?imageView2/2/h/150/q/100'),('2020-07-13 05:24:45','2020-07-13 05:24:45',3,'React 实战',7,'本课程为 React 实战（React in Action）图书配套在线实验内容，涵盖了构建 React 应用所涉及的概念和 API，从 React 的核心思想和关键点讲起，并随着进展涉及更具体和高阶的主题。','https://dn-simplecloud.shiyanlou.com/courses/uid214893-20200316-1584340955074?imageView2/2/h/150/q/100'),('2020-07-13 05:24:45','2020-07-13 05:24:45',4,'Python 编程快速上手',7,'如今，人们面临的大多数任务都可以通过编写计算机软件来完成。Python 是一种解释型、面向对象、动态数据类型的高级程序设计语言。通过 Python 编程，我们能够解决现实生活中的很多任务。本课程是面向实践的 Python 编程实用指南，介绍 Python 语言的基础知识，通过项目实践教会读者如何应用这些知识和技能。','https://dn-simplecloud.shiyanlou.com/courses/uid214893-20191213-1576203518681?imageView2/2/h/150/q/100'),('2020-07-13 05:24:45','2020-07-13 05:24:45',5,'深入理解 Spring Cloud 与微服务（第 2 版）',7,'本课程从 Spring Cloud 的基础组件开始讲解，并对关键组件做了源码分析，同时也重点讲解了如何在 Spring Cloud 微服务系统中进行身份认证和权限安全的验证。课程中还会带领同学们熟悉对 Spring Cloud 每个组件的使用，最后再以一个综合案例介绍使用 Spring Cloud 构建微服务的全过程。','https://dn-simplecloud.shiyanlou.com/courses/uid214893-20200709-1594272332484?imageView2/2/h/150/q/100'),('2020-07-13 05:24:45','2020-07-13 05:24:45',6,'C Primer Plus 编程练习',7,'本课程为《C Primer Plus》第六版的配套习题和解答，共计 16 章。课程内容分别对应原书第 2 章《C 语言概述》至 17 章《高级数据表示》。','https://dn-simplecloud.shiyanlou.com/courses/uid214893-20200212-1581470476061?imageView2/2/h/150/q/100'),('2020-07-13 05:24:45','2020-07-13 05:24:45',7,'C++ Primer Plus 编程练习',7,'本课程为《C++ Primer Plus》第六版的配套测试题，共计 17 章。课程内容分别对应原书第 2 章《开始学习C++》至 18 章《探讨 C++ 新标准》。','https://dn-simplecloud.shiyanlou.com/courses/uid214893-20191213-1576222400613?imageView2/2/h/150/q/100'),('2020-07-13 05:24:45','2020-07-13 05:24:45',8,'Java 开发从入门到精通',7,'本课程涉及内容较多，包括 Java 基础知识、Java 语法基础、条件语句、循环语句、数组、Java 面向对象编程、集合、常用的类库、泛型、异常处理、I/O 文件处理和流程、数据库编程、网络与通信编程、多线程和进程等。课程将通过爬取知乎用户数据的实战案例，带你入门 Java 项目开发。','https://dn-simplecloud.shiyanlou.com/courses/uid214893-20191219-1576738589552?imageView2/2/h/150/q/100'),('2020-07-13 05:24:45','2020-07-13 05:24:45',9,'Python 神经网络编程',7,'课程首先从简单的思路着手，详细介绍了理解神经网络如何工作所必须的基础知识。第一部分介绍基本的思路，包括神经网络底层的数学知识，第二部分是实践，介绍了学习 Python 编程的流行和轻松的方法，从而逐渐使用该语言构建神经网络，以能够识别人类手写的字母，特别是让其像专家所开发的网络那样地工作。第三部分我们对建立的神经网络进行优化，并且讨论了神经网络能够识别手写数字的具体原理。','https://dn-simplecloud.shiyanlou.com/courses/uid214893-20200102-1577947360764?imageView2/2/h/150/q/100'),('2020-07-13 05:24:45','2020-07-13 05:24:45',10,'Go 语言趣学指南',7,'课程循序渐进地介绍了使用 Go 语言所必需的知识，展示了非常多生动有趣的例子，并通过提供大量练习来加深读者对课程中所述内容的理解。本课程共有 32 节实验，分别介绍变量、常量、分支和循环等基础语句，整数、浮点数和字符串等常用类型，类型、函数和方法，数组、切片和映射，结构和接口，指针、nil 和错误处理方法，并发和状态保护，并且包含相应的挑战实验。','https://dn-simplecloud.shiyanlou.com/course/1583474092326_1474-《Go语言趣学指南》.png?imageView2/2/h/150/q/100'),('2020-07-13 05:24:45','2020-07-13 05:24:45',11,'深入浅出 Docker',7,'本课程是 Docker 入门课程，共包括 12 个实验，从 Docker 概览和 Docker 技术两部分进行全面解析，深入浅出地介绍了 Docker 的相关知识，清晰详细的操作步骤结合大量的实际代码帮助读者学以致用，将 Docker 知识应用到真实的项目开发当中。','https://dn-simplecloud.shiyanlou.com/courses/uid214893-20200117-1579244549043?imageView2/2/h/150/q/100'),('2020-07-13 05:24:45','2020-07-13 05:24:45',12,'Spring 实战（第五版）',7,'课程首先介绍如何使用 Spring 和 Spring Boot 开发基于 Web、以数据库作为后端的 Java 应用。随后进行必要的扩展，展现如何与其他应用进行集成、使用反应式类型进行编程，以及将应用拆分为离散的微服务。最后，课程讨论如何准备应用的部署。','https://dn-simplecloud.shiyanlou.com/courses/uid214893-20200227-1582780661327?imageView2/2/h/150/q/100'),('2020-07-13 05:24:45','2020-07-13 05:24:45',13,'MySQL 数据库进阶实战',7,'MySQL 是应用广泛的关系数据库。本课程是 MySQL 基础课程的一个提升课，在课程中不会再重复讲解基础知识，重点是放在 MySQL 的一些高级特性上，以及对数据库查询的性能优化。学习完本课程的同学会掌握数据库运维的相关知识，多表联合查询，日志的使用等数据库的进阶知识。','https://dn-simplecloud.shiyanlou.com/courses/uid214893-20200618-1592463577393?imageView2/2/h/150/q/100'),('2020-07-13 05:24:45','2020-07-13 05:24:45',14,'Ansible 基础入门实战',7,'Ansible 这个简单易学的自动化工具可以满足业务线在速度和简洁性方面日益增加的需求，让我们更高效的同时管理多台服务器不再是想想而已。','https://dn-simplecloud.shiyanlou.com/courses/uid214893-20200518-1589778531462?imageView2/2/h/150/q/100'),('2020-07-13 05:24:45','2020-07-13 05:24:45',15,'Python Web 自动化测试入门实战',7,'本课程从自动化入门、元素的基础操作、常用方法的使用等基础知识开始，到单元测试框架 UnitTest 和测试模型的介绍，最后使用 PO 模型结合实验楼网站的几个功能进行项目实战，并结合工具 Jenkins 进行持续构建。是一个完整的自动化测试体系。','https://dn-simplecloud.shiyanlou.com/courses/uid214893-20200615-1592217725911?imageView2/2/h/150/q/100'),('2020-07-13 05:24:45','2020-07-13 05:24:45',16,'Makefile 基础入门实战',7,'Makefile 是一种描述工程编译、链接的文件。在一个庞大的项目或工程中，往往存在非常复杂的编译和链接流程，而 Makefile 文件可以描述哪些源文件在何时需要编译，如何编译这些源文件，甚至可以调用 shell 和其它的工具来执行更加复杂的项目构建流程。','https://dn-simplecloud.shiyanlou.com/courses/uid214893-20200701-1593584699850?imageView2/2/h/150/q/100');
/*!40000 ALTER TABLE `course` ENABLE KEYS */;
UNLOCK TABLES;

--
-- Table structure for table `user`
--

DROP TABLE IF EXISTS `user`;
/*!40101 SET @saved_cs_client     = @@character_set_client */;
/*!40101 SET character_set_client = utf8 */;
CREATE TABLE `user` (
  `created_at` datetime DEFAULT NULL,
  `updated_at` datetime DEFAULT NULL,
  `id` int(11) NOT NULL AUTO_INCREMENT,
  `username` varchar(32) NOT NULL,
  `email` varchar(64) NOT NULL,
  `password` varchar(256) NOT NULL,
  `role` smallint(6) DEFAULT NULL,
  `job` varchar(64) DEFAULT NULL,
  PRIMARY KEY (`id`),
  UNIQUE KEY `ix_user_email` (`email`),
  UNIQUE KEY `ix_user_username` (`username`)
) ENGINE=InnoDB AUTO_INCREMENT=8 DEFAULT CHARSET=utf8;
/*!40101 SET character_set_client = @saved_cs_client */;

--
-- Dumping data for table `user`
--

LOCK TABLES `user` WRITE;
/*!40000 ALTER TABLE `user` DISABLE KEYS */;
INSERT INTO `user` VALUES ('2020-07-10 05:30:37','2020-07-10 05:30:37',1,'xkk','xkk@qq.com','pbkdf2:sha256:50000$c1wE7r6J$847be039e3472db6ef3b892a41b5ab129a6a48c6890c8746e4254394c8f6f2f5',30,NULL),('2020-07-10 07:03:15','2020-07-10 07:03:15',2,'hxq','hxq@qq.com','pbkdf2:sha256:50000$i2yO6Vqm$75db90642c71d615b22d925440586344484035a6ee7a8d40f80f798a5fd5a7e9',30,NULL),('2020-07-10 07:30:42','2020-07-10 07:30:42',3,'ljxst','ljxst@qq.com','pbkdf2:sha256:50000$j4YEoXfi$f7c144cb5509003f043d84424494c17e5448bd0a44e3448ffff28bcde80c9cf3',30,NULL),('2020-07-10 07:47:22','2020-07-10 07:47:22',4,'hyy','hyy@qq.com','pbkdf2:sha256:50000$uw0OQM4D$23c00c2d93bff4ddb59e773d34cec9442cbac4710fac0e3d970a9fe179675774',30,NULL),('2020-07-10 08:08:17','2020-07-10 08:08:17',5,'zhh','zhh@qq.com','pbkdf2:sha256:50000$eKoqYXVo$16ce1a6fc250f71042044399cdd6de6c0b58ee44028e842740ef4feedb2f070f',30,NULL),('2020-07-10 08:09:19','2020-07-10 08:09:19',6,'zwt','zwt@qq.com','pbkdf2:sha256:50000$k0FLzeCA$c3b0c604ddba6a051a5be3a257b757d4ae04798b96041cb960a2a452245e2bfb',30,NULL),('2020-07-13 05:24:45','2020-07-13 05:24:45',7,'Jack Lee','jacklee@example.com','pbkdf2:sha256:50000$lLhQn3aO$6c68ac7bee8313328ed3a873152eed45b443c911809a467d1143a0800033bce7',30,'develop engineer');
/*!40000 ALTER TABLE `user` ENABLE KEYS */;
UNLOCK TABLES;
/*!40103 SET TIME_ZONE=@OLD_TIME_ZONE */;

/*!40101 SET SQL_MODE=@OLD_SQL_MODE */;
/*!40014 SET FOREIGN_KEY_CHECKS=@OLD_FOREIGN_KEY_CHECKS */;
/*!40014 SET UNIQUE_CHECKS=@OLD_UNIQUE_CHECKS */;
/*!40101 SET CHARACTER_SET_CLIENT=@OLD_CHARACTER_SET_CLIENT */;
/*!40101 SET CHARACTER_SET_RESULTS=@OLD_CHARACTER_SET_RESULTS */;
/*!40101 SET COLLATION_CONNECTION=@OLD_COLLATION_CONNECTION */;
/*!40111 SET SQL_NOTES=@OLD_SQL_NOTES */;

-- Dump completed on 2020-07-15 14:55:14
